SQL> select * from orders
  2  ;

       ONO        CNO        ENO RECIEVED  SHIPPED                              
---------- ---------- ---------- --------- ---------                            
      1022       2222       1001 13-FEB-95 20-FEB-95                            
      1020       1111       1000 10-DEC-94 12-DEC-94                            
      1021       1111       1000 12-JAN-95 15-JAN-95                            
      1023       3333       1000 20-JUN-97                                      

SQL> select * from odetails;

       ONO        PNO        QTY                                                
---------- ---------- ----------                                                
      1022      10601          1                                                
      1022      10701          1                                                
      1020      10506          1                                                
      1020      10507          1                                                
      1020      10508          2                                                
      1020      10509          3                                                
      1021      10601          4                                                
      1023      10800          1                                                
      1023      10900          1                                                

9 rows selected.

SQL> start 2_6_f

1 row deleted.

SQL> select * from orders;

       ONO        CNO        ENO RECIEVED  SHIPPED                              
---------- ---------- ---------- --------- ---------                            
      1020       1111       1000 10-DEC-94 12-DEC-94                            
      1021       1111       1000 12-JAN-95 15-JAN-95                            
      1023       3333       1000 20-JUN-97                                      

SQL> select * from odetails;

       ONO        PNO        QTY                                                
---------- ---------- ----------                                                
      1020      10506          1                                                
      1020      10507          1                                                
      1020      10508          2                                                
      1020      10509          3                                                
      1021      10601          4                                                
      1023      10800          1                                                
      1023      10900          1                                                

7 rows selected.

SQL> spool off
