SQL> select table_name from user_tables;

TABLE_NAME                                                                      
------------------------------                                                  
ZIPCODES                                                                        
EMPLOYEES                                                                       
PARTS                                                                           
CUSTOMERS                                                                       
ORDERS                                                                          
ODETAILS                                                                        

6 rows selected.

SQL> select * from zipcodes;

no rows selected

SQL> start populate_zipcodes

1 row created.


1 row created.


1 row created.


1 row created.


1 row created.


1 row created.

SQL> select * from zipcodes;

       ZIP CITY                                                                 
---------- ---------------------------------------------                        
     67226 Wichita                                                              
     60606 Fort Dodge                                                           
     50302 Kansas City                                                          
     54444 Columbia                                                             
     66002 Liberal                                                              
     61111 Forst Hays                                                           

6 rows selected.

SQL> select * from employees;

no rows selected

SQL> start populate_employees

1 row created.


1 row created.


1 row created.

SQL> select * from employees;

       ENO ENAME                                 ZIP HDATE                      
---------- ------------------------------ ---------- ---------                  
      1000 Jones                               67226 12-DEC-95                  
      1001 Smith                               60606 01-JAN-92                  
      1002 Brown                               50302 01-SEP-94                  

SQL> select * from parts;

no rows selected

SQL> start populate_parts

1 row created.


1 row created.


1 row created.


1 row created.


1 row created.


1 row created.


1 row created.


1 row created.

SQL> select * from parts;

       PNO PNAME                                 QOH      PRICE     OLEVEL      
---------- ------------------------------ ---------- ---------- ----------      
     10506 Land Before Time I                    200      19.99         20      
     10507 Land Before Time II                   156      19.99         20      
     10508 Land Before Time III                  190      19.99         20      
     10509 Land Before Time IV                    60      19.99         20      
     10601 Sleeping Beauty                       300      24.99         20      
     10701 When Harry Met Sally                  120      19.99         30      
     10800 Dirty Harry                           140      14.99         30      
     10900 Dr. Zhivago                           100      24.99         30      

8 rows selected.

SQL> select * from customers;

no rows selected

SQL> start populate_customers;

1 row created.


1 row created.


1 row created.

SQL> select * from customers;

       CNO CNAME                          STREET                                
---------- ------------------------------ ------------------------------        
       ZIP PHONE                                                                
---------- ------------                                                         
      1111 Chrales                        123 main st.                          
     67226 316-636-5555                                                         
                                                                                
      2222 Bertram                        237 Ash Ave.                          
     67226 316-689-5555                                                         
                                                                                
      3333 Barbara                        111 Inwood St.                        
     60606 316-111-1234                                                         
                                                                                

SQL> select * from orders;

no rows selected

SQL> start populate_orders

1 row created.


1 row created.


1 row created.


1 row created.

SQL> select * from orders;

       ONO        CNO        ENO RECIEVED  SHIPPED                              
---------- ---------- ---------- --------- ---------                            
      1020       1111       1000 10-DEC-94 12-DEC-94                            
      1021       1111       1000 12-JAN-95 15-JAN-95                            
      1022       2222       1001 13-FEB-95 20-FEB-95                            
      1023       3333       1000 20-JUN-97                                      

SQL> select * from odetails;

no rows selected

SQL> start populate_odetails

1 row created.


1 row created.


1 row created.


1 row created.


1 row created.


1 row created.


1 row created.


1 row created.


1 row created.

SQL> select * from odetails;

       ONO        PNO        QTY                                                
---------- ---------- ----------                                                
      1020      10506          1                                                
      1020      10507          1                                                
      1020      10508          2                                                
      1020      10509          3                                                
      1021      10601          4                                                
      1022      10601          1                                                
      1022      10701          1                                                
      1023      10800          1                                                
      1023      10900          1                                                

9 rows selected.